<!--
 * ***** BEGIN LICENSE BLOCK *****
 * Zimbra Collaboration Suite Zimlets
 * Copyright (C) 2005, 2006, 2007, 2008, 2009, 2010, 2011, 2012, 2013, 2014 Zimbra, Inc.
 * 
 * The contents of this file are subject to the Common Public Attribution License Version 1.0 (the "License");
 * you may not use this file except in compliance with the License. 
 * You may obtain a copy of the License at: http://www.zimbra.com/license
 * The License is based on the Mozilla Public License Version 1.1 but Sections 14 and 15 
 * have been added to cover use of software over a computer network and provide for limited attribution 
 * for the Original Developer. In addition, Exhibit A has been modified to be consistent with Exhibit B. 
 * 
 * Software distributed under the License is distributed on an "AS IS" basis, 
 * WITHOUT WARRANTY OF ANY KIND, either express or implied. 
 * See the License for the specific language governing rights and limitations under the License. 
 * The Original Code is Zimbra Open Source Web Client. 
 * The Initial Developer of the Original Code is Zimbra, Inc. 
 * All portions of the code are Copyright (C) 2005, 2006, 2007, 2008, 2009, 2010, 2011, 2012, 2013, 2014 Zimbra, Inc. All Rights Reserved. 
 * ***** END LICENSE BLOCK *****
-->
<zimlet name="com_zimbra_url"
        version="2.5_8.6.0.20161027.070349"
        label="${msg.zimletLabel}"
        target="main view-window"
        description="${msg.description}">
    <include>url.js</include>
    <includeCSS>url.css</includeCSS>
    <resource>blank_pixel.gif</resource>
    <handlerObject>Com_Zimbra_Url</handlerObject>
    <serverExtension hasKeyword="url" extensionClass="com.zimbra.cs.zimlet.handler.RegexHandler"/>
    <contentObject type="url">
        <matchOn>
            <regex attrs="ig">(((telnet|cid):)|((https?|mailto|notes|smb|ftp|gopher|news|tel|callto|webcal|feed|file):\/\/)|(www\.[\w\.\_\-]+))[^\s\xA0\&lt;\>\[\]\{\}\'\"]*</regex>
        </matchOn>
        <contextMenu>
            <menuItem label="${msg.goToUrl}" icon="URL" id="GOTOURL"/>
            <menuItem label="${msg.newCalendar}" icon="NewAppointment" id="NEWCAL"/>
        </contextMenu>
    </contentObject>
</zimlet>
